{"cameraMode":{"drawMode":0,"name":"Shaded","section":"Shading Mode"},"sceneLighting":false,"audioPlay":false,"sceneViewState":{"showFog":false,"showMaterialUpdate":false,"showSkybox":false,"showFlares":false,"showImageEffects":false,"showParticleSystems":false},"in2DMode":false,"pivot":{"x":-41.61656188964844,"y":9.345077514648438,"z":47.6840934753418},"rotation":{"x":0.3332350552082062,"y":-0.6342189908027649,"z":0.35027602314949038,"w":0.6033468842506409},"size":72.81665802001953,"orthographic":false}