{"cameraMode":{"drawMode":0,"name":"Shaded","section":"Shading Mode"},"sceneLighting":false,"audioPlay":false,"sceneViewState":{"showFog":false,"showMaterialUpdate":false,"showSkybox":false,"showFlares":false,"showImageEffects":false,"showParticleSystems":false},"in2DMode":false,"pivot":{"x":-30.54332160949707,"y":22.904911041259767,"z":55.28569412231445},"rotation":{"x":0.2876063883304596,"y":-0.6483127474784851,"z":0.29022017121315,"w":0.6424526572227478},"size":38.566829681396487,"orthographic":false}