{"cameraMode":{"drawMode":0,"name":"Shaded","section":"Shading Mode"},"sceneLighting":false,"audioPlay":false,"sceneViewState":{"showFog":true,"showMaterialUpdate":true,"showSkybox":true,"showFlares":true,"showImageEffects":true,"showParticleSystems":true},"in2DMode":false,"pivot":{"x":-42.42869186401367,"y":12.93621826171875,"z":68.72252655029297},"rotation":{"x":0.358807772397995,"y":-0.6078822016716003,"z":0.35625314712524416,"w":0.612225353717804},"size":115.16278839111328,"orthographic":false}