{"cameraMode":{"drawMode":0,"name":"Shaded","section":"Shading Mode"},"sceneLighting":false,"audioPlay":false,"sceneViewState":{"showFog":false,"showMaterialUpdate":false,"showSkybox":false,"showFlares":false,"showImageEffects":false,"showParticleSystems":false},"in2DMode":false,"pivot":{"x":-52.049800872802737,"y":5.224034786224365,"z":53.85490417480469},"rotation":{"x":0.24070681631565095,"y":0.6544473171234131,"z":-0.2323163002729416,"w":0.6780767440795898},"size":61.5679931640625,"orthographic":false}