{"cameraMode":{"drawMode":0,"name":"Shaded","section":"Shading Mode"},"sceneLighting":false,"audioPlay":false,"sceneViewState":{"showFog":false,"showMaterialUpdate":false,"showSkybox":false,"showFlares":false,"showImageEffects":false,"showParticleSystems":false},"in2DMode":false,"pivot":{"x":-21.99408531188965,"y":21.556934356689454,"z":52.972572326660159},"rotation":{"x":0.18693967163562776,"y":-0.6894699931144714,"z":0.19148699939250947,"w":0.6730657815933228},"size":24.006919860839845,"orthographic":false}