{"cameraMode":{"drawMode":0,"name":"Shaded","section":"Shading Mode"},"sceneLighting":false,"audioPlay":false,"sceneViewState":{"showFog":true,"showMaterialUpdate":true,"showSkybox":true,"showFlares":true,"showImageEffects":true,"showParticleSystems":true},"in2DMode":false,"pivot":{"x":-46.03704071044922,"y":-11.584892272949219,"z":48.02994155883789},"rotation":{"x":0.5272004008293152,"y":-0.0038573446217924358,"z":0.0023869986180216076,"w":0.8497288823127747},"size":63.26542663574219,"orthographic":false}