{"cameraMode":{"drawMode":0,"name":"Shaded","section":"Shading Mode"},"sceneLighting":false,"audioPlay":false,"sceneViewState":{"showFog":false,"showMaterialUpdate":false,"showSkybox":false,"showFlares":false,"showImageEffects":false,"showParticleSystems":false},"in2DMode":false,"pivot":{"x":-76.14327239990235,"y":58.588600158691409,"z":44.130043029785159},"rotation":{"x":0.08269990235567093,"y":-0.7632556557655335,"z":0.09971164166927338,"w":0.6329764723777771},"size":210.66329956054688,"orthographic":false}